model,accuracy,precision,recall,f1
Linear SVM (char n-grams),0.9637305699481865,0.9638297028656022,0.9637305699481865,0.9637305699481865
Logistic Regression (char n-grams),0.9585492227979274,0.9589240436556059,0.9585492227979274,0.9585404109830461
Naive Bayes (word TF-IDF),0.9481865284974094,0.9481865284974094,0.9481865284974094,0.9481865284974094
